{"initial_reset_timestamp": 4504.630991877, "timestamps": [4510.20253071], "episode_lengths": [181], "episode_rewards": [-29.100347937863802], "episode_types": ["t"]}